X,Y,Z
-3.822121,1.868129,0.752175
-3.822040557,1.86812439,0.749421054
-3.821960114,1.868119781,0.746667109
-3.82187967,1.868115171,0.743913163
-3.821809283,1.868111138,0.741503461
-3.821728839,1.868106528,0.738749515
-3.821648396,1.868101919,0.73599557
-3.821567953,1.868097309,0.733241624
-3.821497565,1.868093276,0.730831922
-3.821417122,1.868088666,0.728077976
-3.821336679,1.868084056,0.72532403
-3.821256236,1.868079447,0.722570085
-3.821175792,1.868074837,0.719816139
-3.821105405,1.868070804,0.717406437
-3.821024961,1.868066194,0.714652491
-3.820944518,1.868061585,0.711898546
-3.820864075,1.868056975,0.7091446
-3.820793687,1.868052942,0.706734898
-3.820713244,1.868048332,0.703980952
-3.820632801,1.868043722,0.701227006
-3.820552358,1.868039113,0.698473061
-3.82048197,1.868035079,0.696063358
-3.820401527,1.86803047,0.693309413
-3.820321083,1.86802586,0.690555467
-3.82024064,1.868021251,0.687801522
-3.820160197,1.868016641,0.685047576
-3.820089809,1.868012608,0.682637874
-3.820009366,1.868007998,0.679883928
-3.819928923,1.868003388,0.677129982
-3.81984848,1.867998779,0.674376037
-3.819778092,1.867994745,0.671966334
-3.819697649,1.867990136,0.669212389
-3.819617205,1.867985526,0.666458443
-3.819536762,1.867980917,0.663704498
-3.819466374,1.867976883,0.661294795
-3.819385931,1.867972274,0.65854085
-3.819305488,1.867967664,0.655786904
-3.819225045,1.867963054,0.653032958
-3.819144602,1.867958445,0.650279013
-3.819074214,1.867954411,0.64786931
-3.818993771,1.867949802,0.645115365
-3.818913327,1.867945192,0.642361419
-3.818832884,1.867940583,0.639607474
-3.818762496,1.867936549,0.637197771
-3.818682053,1.86793194,0.634443826
-3.81860161,1.86792733,0.63168988
-3.818521167,1.86792272,0.628935934
-3.818450779,1.867918687,0.626526232
-3.818370336,1.867914077,0.623772286
-3.818289893,1.867909468,0.621018341
-3.818209449,1.867904858,0.618264395
-3.818129006,1.867900249,0.61551045
-3.818058618,1.867896215,0.613100747
-3.817978175,1.867891606,0.610346802
-3.817897732,1.867886996,0.607592856
-3.817817289,1.867882386,0.60483891
-3.817746901,1.867878353,0.602429208
-3.817666458,1.867873743,0.599675262
-3.817586015,1.867869134,0.596921317
-3.817505571,1.867864524,0.594167371
-3.817435184,1.867860491,0.591757669
-3.81735474,1.867855881,0.589003723
-3.817274297,1.867851272,0.586249778
-3.817193854,1.867846662,0.583495832
-3.817113411,1.867842052,0.580741886
-3.817043023,1.867838019,0.578332184
-3.81696258,1.867833409,0.575578238
-3.816882137,1.8678288,0.572824293
-3.816801693,1.86782419,0.570070347
-3.816731306,1.867820157,0.567660645
-3.816650862,1.867815547,0.564906699
-3.816570419,1.867810938,0.562152754
-3.816489976,1.867806328,0.559398808
-3.816419588,1.867802295,0.556989106
-3.816339145,1.867797685,0.55423516
-3.816258702,1.867793075,0.551481214
-3.816178259,1.867788466,0.548727269
-3.816097815,1.867783856,0.545973323
-3.816027428,1.867779823,0.543563621
-3.815946984,1.867775213,0.540809675
-3.815866541,1.867770604,0.53805573
-3.815786098,1.867765994,0.535301784
-3.81571571,1.867761961,0.532892082
-3.815635267,1.867757351,0.530138136
-3.815554824,1.867752741,0.52738419
-3.815474381,1.867748132,0.524630245
-3.815403993,1.867744098,0.522220542
-3.81532355,1.867739489,0.519466597
-3.815243106,1.867734879,0.516712651
-3.815162663,1.86773027,0.513958706
-3.81508222,1.86772566,0.51120476
-3.815011832,1.867721627,0.508795058
-3.814931389,1.867717017,0.506041112
-3.814850946,1.867712407,0.503287166
-3.814770503,1.867707798,0.500533221
-3.814700115,1.867703764,0.498123518
-3.814619672,1.867699155,0.495369573
-3.814539228,1.867694545,0.492615627
-3.814458785,1.867689936,0.489861682
-3.814388397,1.867685902,0.487451979
-3.814307954,1.867681293,0.484698034
-3.814227511,1.867676683,0.481944088
-3.814147068,1.867672073,0.479190142
-3.814066625,1.867667464,0.476436197
-3.813996237,1.86766343,0.474026494
-3.813915794,1.867658821,0.471272549
-3.81383535,1.867654211,0.468518603
-3.813754907,1.867649602,0.465764658
-3.813684519,1.867645568,0.463354955
-3.813604076,1.867640959,0.46060101
-3.813523633,1.867636349,0.457847064
-3.81344319,1.867631739,0.455093118
-3.813372802,1.867627706,0.452683416
-3.813292359,1.867623096,0.44992947
-3.813211916,1.867618487,0.447175525
-3.813131472,1.867613877,0.444421579
-3.813051029,1.867609268,0.441667634
-3.812980641,1.867605234,0.439257931
-3.812900198,1.867600625,0.436503986
-3.812819755,1.867596015,0.43375004
-3.812739312,1.867591405,0.430996094
-3.812668924,1.867587372,0.428586392
-3.812588481,1.867582762,0.425832446
-3.812508038,1.867578153,0.423078501
-3.812427594,1.867573543,0.420324555
-3.812357207,1.86756951,0.417914853
-3.812276763,1.8675649,0.415160907
-3.81219632,1.867560291,0.412406962
-3.812115877,1.867555681,0.409653016
-3.812035434,1.867551071,0.40689907
-3.811965046,1.867547038,0.404489368
-3.811884603,1.867542428,0.401735422
-3.81180416,1.867537819,0.398981477
-3.811723716,1.867533209,0.396227531
-3.811653329,1.867529176,0.393817829
-3.811572885,1.867524566,0.391063883
-3.811492442,1.867519957,0.388309938
-3.811411999,1.867515347,0.385555992
-3.811341611,1.867511314,0.38314629
-3.811261168,1.867506704,0.380392344
-3.811180725,1.867502094,0.377638398
-3.811100282,1.867497485,0.374884453
-3.811019838,1.867492875,0.372130507
-3.810949451,1.867488842,0.369720805
-3.810869007,1.867484232,0.366966859
-3.810788564,1.867479623,0.364212914
-3.810708121,1.867475013,0.361458968
-3.810637733,1.86747098,0.359049266
-3.81055729,1.86746637,0.35629532
-3.810476847,1.86746176,0.353541374
-3.810396404,1.867457151,0.350787429
-3.810326016,1.867453117,0.348377726
-3.810245573,1.867448508,0.345623781
-3.810165129,1.867443898,0.342869835
-3.810084686,1.867439289,0.34011589
-3.810004243,1.867434679,0.337361944
-3.809933855,1.867430646,0.334952242
-3.809853412,1.867426036,0.332198296
-3.809772969,1.867421426,0.32944435
-3.809692526,1.867416817,0.326690405
-3.809622138,1.867412783,0.324280702
-3.809541695,1.867408174,0.321526757
-3.809461251,1.867403564,0.318772811
-3.809380808,1.867398955,0.316018866
-3.80931042,1.867394921,0.313609163
-3.809229977,1.867390312,0.310855218
-3.809149534,1.867385702,0.308101272
-3.809069091,1.867381092,0.305347326
-3.808988648,1.867376483,0.302593381
-3.80891826,1.867372449,0.300183678
-3.808837817,1.86736784,0.297429733
-3.808757373,1.86736323,0.294675787
-3.80867693,1.867358621,0.291921842
-3.808606542,1.867354587,0.289512139
-3.808526099,1.867349978,0.286758194
-3.808445656,1.867345368,0.284004248
-3.808365213,1.867340758,0.281250302
-3.808294825,1.867336725,0.2788406
-3.808214382,1.867332115,0.276086654
-3.808133939,1.867327506,0.273332709
-3.808053495,1.867322896,0.270578763
-3.807973052,1.867318287,0.267824818
-3.807902664,1.867314253,0.265415115
-3.807822221,1.867309644,0.26266117
-3.807741778,1.867305034,0.259907224
-3.807661335,1.867300424,0.257153278
-3.807590947,1.867296391,0.254743576
-3.807510504,1.867291781,0.25198963
-3.807430061,1.867287172,0.249235685
-3.807349617,1.867282562,0.246481739
-3.80727923,1.867278529,0.244072037
-3.807198786,1.867273919,0.241318091
-3.807118343,1.86726931,0.238564146
-3.8070379,1.8672647,0.2358102
-3.806957457,1.86726009,0.233056254
-3.806887069,1.867256057,0.230646552
-3.806806626,1.867251447,0.227892606
-3.806726183,1.867246838,0.225138661
-3.806645739,1.867242228,0.222384715
-3.806575352,1.867238195,0.219975013
-3.806494908,1.867233585,0.217221067
-3.806414465,1.867228976,0.214467122
-3.806334022,1.867224366,0.211713176
-3.806263634,1.867220333,0.209303474
-3.806183191,1.867215723,0.206549528
-3.806102748,1.867211113,0.203795582
-3.806022305,1.867206504,0.201041637
-3.805941861,1.867201894,0.198287691
-3.805871474,1.867197861,0.195877989
-3.80579103,1.867193251,0.193124043
-3.805710587,1.867188642,0.190370098
-3.805630144,1.867184032,0.187616152
-3.805559756,1.867179999,0.18520645
-3.805479313,1.867175389,0.182452504
-3.80539887,1.867170779,0.179698558
-3.805318427,1.86716617,0.176944613
-3.805248039,1.867162136,0.17453491
-3.805167596,1.867157527,0.171780965
-3.805087152,1.867152917,0.169027019
-3.805006709,1.867148308,0.166273074
-3.804926266,1.867143698,0.163519128
-3.804855878,1.867139665,0.161109426
-3.804775435,1.867135055,0.15835548
-3.804694992,1.867130445,0.155601534
-3.804614549,1.867125836,0.152847589
-3.804544161,1.867121802,0.150437886
-3.804463718,1.867117193,0.147683941
-3.804383274,1.867112583,0.144929995
-3.804302831,1.867107974,0.14217605
-3.804232443,1.86710394,0.139766347
-3.804152,1.867099331,0.137012402
-3.804071557,1.867094721,0.134258456
-3.803991114,1.867090111,0.13150451
-3.803910671,1.867085502,0.128750565
-3.803840283,1.867081468,0.126340862
-3.80375984,1.867076859,0.123586917
-3.803679396,1.867072249,0.120832971
-3.803598953,1.86706764,0.118079026
-3.803528565,1.867063606,0.115669323
-3.803448122,1.867058997,0.112915378
-3.803367679,1.867054387,0.110161432
-3.803287236,1.867049777,0.107407486
-3.803216848,1.867045744,0.104997784
-3.803136405,1.867041134,0.102243838
-3.803055962,1.867036525,0.099489893
-3.802975518,1.867031915,0.096735947
-3.802895075,1.867027306,0.093982002
-3.802824687,1.867023272,0.091572299
-3.802744244,1.867018663,0.088818354
-3.802663801,1.867014053,0.086064408
-3.802583358,1.867009443,0.083310462
-3.80251297,1.86700541,0.08090076
-3.802432527,1.8670008,0.078146814
-3.802352084,1.866996191,0.075392869
-3.80227164,1.866991581,0.072638923
-3.802201253,1.866987548,0.070229221
-3.802120809,1.866982938,0.067475275
-3.802040366,1.866978329,0.06472133
-3.801959923,1.866973719,0.061967384
-3.80187948,1.866969109,0.059213438
-3.801809092,1.866965076,0.056803736
-3.801728649,1.866960466,0.05404979
-3.801648206,1.866955857,0.051295845
-3.801567762,1.866951247,0.048541899
-3.801497375,1.866947214,0.046132197
-3.801416931,1.866942604,0.043378251
-3.801336488,1.866937995,0.040624306
-3.801256045,1.866933385,0.03787036
-3.801185657,1.866929352,0.035460658
-3.801105214,1.866924742,0.032706712
-3.801024771,1.866920132,0.029952766
-3.800944328,1.866915523,0.027198821
-3.800863884,1.866910913,0.024444875
-3.800793497,1.86690688,0.022035173
-3.800713053,1.86690227,0.019281227
-3.80063261,1.866897661,0.016527282
-3.800552167,1.866893051,0.013773336
-3.800481779,1.866889018,0.011363634
-3.800401336,1.866884408,0.008609688
-3.800320893,1.866879798,0.005855742
-3.80024045,1.866875189,0.003101797
-3.800170062,1.866871155,0.000692094
-3.800089619,1.866866546,-0.002061851
-3.800009175,1.866861936,-0.004815797
-3.799928732,1.866857327,-0.007569742
-3.799848289,1.866852717,-0.010323688
-3.799777901,1.866848684,-0.01273339
-3.799697458,1.866844074,-0.015487336
-3.799617015,1.866839464,-0.018241282
-3.799536572,1.866834855,-0.020995227
-3.799466184,1.866830821,-0.02340493
-3.799385741,1.866826212,-0.026158875
-3.799305297,1.866821602,-0.028912821
-3.799224854,1.866816993,-0.031666766
-3.799154466,1.866812959,-0.034076469
-3.799074023,1.86680835,-0.036830414
-3.79899358,1.86680374,-0.03958436
-3.798913137,1.86679913,-0.042338306
-3.798832694,1.866794521,-0.045092251
-3.798762306,1.866790487,-0.047501954
-3.798681863,1.866785878,-0.050255899
-3.798601419,1.866781268,-0.053009845
-3.798520976,1.866776659,-0.05576379
-3.798450588,1.866772625,-0.058173493
-3.798370145,1.866768016,-0.060927438
-3.798289702,1.866763406,-0.063681384
-3.798209259,1.866758796,-0.06643533
-3.798138871,1.866754763,-0.068845032
-3.798058428,1.866750153,-0.071598978
-3.797977985,1.866745544,-0.074352923
-3.797897541,1.866740934,-0.077106869
-3.797817098,1.866736325,-0.079860814
-3.79774671,1.866732291,-0.082270517
-3.797666267,1.866727682,-0.085024462
-3.797585824,1.866723072,-0.087778408
-3.797505381,1.866718462,-0.090532354
-3.797434993,1.866714429,-0.092942056
-3.79735455,1.866709819,-0.095696002
-3.797274107,1.86670521,-0.098449947
-3.797193663,1.8667006,-0.101203893
-3.79711322,1.866695991,-0.103957838
-3.797042832,1.866691957,-0.106367541
-3.796962389,1.866687348,-0.109121486
-3.796881946,1.866682738,-0.111875432
-3.796801503,1.866678128,-0.114629378
-3.796731115,1.866674095,-0.11703908
-3.796650672,1.866669485,-0.119793026
-3.796570229,1.866664876,-0.122546971
-3.796489785,1.866660266,-0.125300917
-3.796419398,1.866656233,-0.127710619
-3.796338954,1.866651623,-0.130464565
-3.796258511,1.866647014,-0.13321851
-3.796178068,1.866642404,-0.135972456
-3.796097625,1.866637794,-0.138726402
-3.796027237,1.866633761,-0.141136104
-3.795946794,1.866629151,-0.14389005
-3.795866351,1.866624542,-0.146643995
-3.795785907,1.866619932,-0.149397941
-3.79571552,1.866615899,-0.151807643
-3.795635076,1.866611289,-0.154561589
-3.795554633,1.86660668,-0.157315534
-3.79547419,1.86660207,-0.16006948
-3.795403802,1.866598037,-0.162479182
-3.795323359,1.866593427,-0.165233128
-3.795242916,1.866588817,-0.167987074
-3.795162473,1.866584208,-0.170741019
-3.795082029,1.866579598,-0.173494965
-3.795011642,1.866575565,-0.175904667
-3.794931198,1.866570955,-0.178658613
-3.794850755,1.866566346,-0.181412558
-3.794770312,1.866561736,-0.184166504
-3.794699924,1.866557703,-0.186576206
-3.794619481,1.866553093,-0.189330152
-3.794539038,1.866548483,-0.192084098
-3.794458595,1.866543874,-0.194838043
-3.794388207,1.86653984,-0.197247746
-3.794307764,1.866535231,-0.200001691
-3.79422732,1.866530621,-0.202755637
-3.794146877,1.866526012,-0.205509582
-3.794066434,1.866521402,-0.208263528
-3.793996046,1.866517369,-0.21067323
-3.793915603,1.866512759,-0.213427176
-3.79383516,1.866508149,-0.216181122
-3.793754717,1.86650354,-0.218935067
-3.793684329,1.866499506,-0.22134477
-3.793603886,1.866494897,-0.224098715
-3.793523442,1.866490287,-0.226852661
-3.793442999,1.866485678,-0.229606606
-3.793372611,1.866481644,-0.232016309
-3.793292168,1.866477035,-0.234770254
-3.793211725,1.866472425,-0.2375242
-3.793131282,1.866467815,-0.240278146
-3.793050839,1.866463206,-0.243032091
-3.792980451,1.866459172,-0.245441794
-3.792900008,1.866454563,-0.248195739
-3.792819564,1.866449953,-0.250949685
-3.792739121,1.866445344,-0.25370363
-3.792668733,1.86644131,-0.256113333
-3.79258829,1.866436701,-0.258867278
-3.792507847,1.866432091,-0.261621224
-3.792427404,1.866427481,-0.26437517
-3.792357016,1.866423448,-0.266784872
-3.792276573,1.866418838,-0.269538818
-3.79219613,1.866414229,-0.272292763
-3.792115686,1.866409619,-0.275046709
-3.792035243,1.86640501,-0.277800654
-3.791964855,1.866400976,-0.280210357
-3.791884412,1.866396367,-0.282964302
-3.791803969,1.866391757,-0.285718248
-3.791723526,1.866387147,-0.288472194
-3.791653138,1.866383114,-0.290881896
-3.791572695,1.866378504,-0.293635842
-3.791492252,1.866373895,-0.296389787
-3.791411808,1.866369285,-0.299143733
-3.791341421,1.866365252,-0.301553435
-3.791260977,1.866360642,-0.304307381
-3.791180534,1.866356033,-0.307061326
-3.791100091,1.866351423,-0.309815272
-3.791019648,1.866346813,-0.312569218
-3.79094926,1.86634278,-0.31497892
-3.790868817,1.86633817,-0.317732866
-3.790788374,1.866333561,-0.320486811
-3.79070793,1.866328951,-0.323240757
-3.790637543,1.866324918,-0.325650459
-3.790557099,1.866320308,-0.328404405
-3.790476656,1.866315699,-0.33115835
-3.790396213,1.866311089,-0.333912296
-3.790325825,1.866307056,-0.336321998
-3.790245382,1.866302446,-0.339075944
-3.790164939,1.866297836,-0.34182989
-3.790084496,1.866293227,-0.344583835
-3.790004052,1.866288617,-0.347337781
-3.789933665,1.866284584,-0.349747483
-3.789853221,1.866279974,-0.352501429
-3.789772778,1.866275365,-0.355255374
-3.789692335,1.866270755,-0.35800932
-3.789621947,1.866266722,-0.360419022
-3.789541504,1.866262112,-0.363172968
-3.789461061,1.866257502,-0.365926914
-3.789380618,1.866252893,-0.368680859
-3.78931023,1.866248859,-0.371090562
-3.789229787,1.86624425,-0.373844507
-3.789149343,1.86623964,-0.376598453
-3.7890689,1.866235031,-0.379352398
-3.788988457,1.866230421,-0.382106344
-3.788918069,1.866226388,-0.384516046
-3.788837626,1.866221778,-0.387269992
-3.788757183,1.866217168,-0.390023938
-3.78867674,1.866212559,-0.392777883
-3.788606352,1.866208525,-0.395187586
-3.788525909,1.866203916,-0.397941531
-3.788445465,1.866199306,-0.400695477
-3.788365022,1.866194697,-0.403449422
-3.788294634,1.866190663,-0.405859125
-3.788214191,1.866186054,-0.40861307
-3.788133748,1.866181444,-0.411367016
-3.788053305,1.866176834,-0.414120962
-3.787972862,1.866172225,-0.416874907
-3.787902474,1.866168191,-0.41928461
-3.787822031,1.866163582,-0.422038555
-3.787741587,1.866158972,-0.424792501
-3.787661144,1.866154363,-0.427546446
-3.787590756,1.866150329,-0.429956149
-3.787510313,1.86614572,-0.432710094
-3.78742987,1.86614111,-0.43546404
-3.787349427,1.8661365,-0.438217986
-3.787279039,1.866132467,-0.440627688
-3.787198596,1.866127857,-0.443381634
-3.787118153,1.866123248,-0.446135579
-3.787037709,1.866118638,-0.448889525
-3.786957266,1.866114029,-0.45164347
-3.786886878,1.866109995,-0.454053173
-3.786806435,1.866105386,-0.456807118
-3.786725992,1.866100776,-0.459561064
-3.786645549,1.866096166,-0.46231501
-3.786575161,1.866092133,-0.464724712
-3.786494718,1.866087523,-0.467478658
-3.786414275,1.866082914,-0.470232603
-3.786333831,1.866078304,-0.472986549
-3.786263444,1.866074271,-0.475396251
-3.786183,1.866069661,-0.478150197
-3.786102557,1.866065052,-0.480904142
-3.786022114,1.866060442,-0.483658088
-3.785941671,1.866055832,-0.486412034
-3.785871283,1.866051799,-0.488821736
-3.78579084,1.866047189,-0.491575682
-3.785710397,1.86604258,-0.494329627
-3.785629953,1.86603797,-0.497083573
-3.785559566,1.866033937,-0.499493275
-3.785479122,1.866029327,-0.502247221
-3.785398679,1.866024718,-0.505001166
-3.785318236,1.866020108,-0.507755112
-3.785247848,1.866016075,-0.510164814
-3.785167405,1.866011465,-0.51291876
-3.785086962,1.866006855,-0.515672706
-3.785006519,1.866002246,-0.518426651
-3.784926075,1.865997636,-0.521180597
-3.784855688,1.865993603,-0.523590299
-3.784775244,1.865988993,-0.526344245
-3.784694801,1.865984384,-0.52909819
-3.784614358,1.865979774,-0.531852136
-3.78454397,1.865975741,-0.534261838
-3.784463527,1.865971131,-0.537015784
-3.784383084,1.865966521,-0.53976973
-3.784302641,1.865961912,-0.542523675
-3.784232253,1.865957878,-0.544933378
-3.78415181,1.865953269,-0.547687323
-3.784071366,1.865948659,-0.550441269
-3.783990923,1.86594405,-0.553195214
-3.78391048,1.86593944,-0.55594916
-3.783840092,1.865935407,-0.558358862
-3.783759649,1.865930797,-0.561112808
-3.783679206,1.865926187,-0.563866754
-3.783598763,1.865921578,-0.566620699
-3.783528375,1.865917544,-0.569030402
-3.783447932,1.865912935,-0.571784347
-3.783367488,1.865908325,-0.574538293
-3.783287045,1.865903716,-0.577292238
-3.783216657,1.865899682,-0.579701941
-3.783136214,1.865895073,-0.582455886
-3.783055771,1.865890463,-0.585209832
-3.782975328,1.865885853,-0.587963778
-3.782894885,1.865881244,-0.590717723
-3.782824497,1.86587721,-0.593127426
-3.782744054,1.865872601,-0.595881371
-3.78266361,1.865867991,-0.598635317
-3.782583167,1.865863382,-0.601389262
-3.782512779,1.865859348,-0.603798965
-3.782432336,1.865854739,-0.60655291
-3.782351893,1.865850129,-0.609306856
-3.78227145,1.865845519,-0.612060802
-3.782201062,1.865841486,-0.614470504
-3.782120619,1.865836876,-0.61722445
-3.782040176,1.865832267,-0.619978395
-3.781959732,1.865827657,-0.622732341
-3.781879289,1.865823048,-0.625486286
-3.781808901,1.865819014,-0.627895989
-3.781728458,1.865814405,-0.630649934
-3.781648015,1.865809795,-0.63340388
-3.781567572,1.865805185,-0.636157826
-3.781497184,1.865801152,-0.638567528
-3.781416741,1.865796542,-0.641321474
-3.781336298,1.865791933,-0.644075419
-3.781255854,1.865787323,-0.646829365
-3.781185467,1.86578329,-0.649239067
-3.781105023,1.86577868,-0.651993013
-3.78102458,1.865774071,-0.654746958
-3.780944137,1.865769461,-0.657500904
-3.780863694,1.865764851,-0.66025485
-3.780793306,1.865760818,-0.662664552
-3.780712863,1.865756208,-0.665418498
-3.78063242,1.865751599,-0.668172443
-3.780551976,1.865746989,-0.670926389
-3.780481589,1.865742956,-0.673336091
-3.780401145,1.865738346,-0.676090037
-3.780320702,1.865733737,-0.678843982
-3.780240259,1.865729127,-0.681597928
-3.780169871,1.865725094,-0.68400763
-3.780089428,1.865720484,-0.686761576
-3.780008985,1.865715874,-0.689515522
-3.779928542,1.865711265,-0.692269467
-3.779848098,1.865706655,-0.695023413
-3.779777711,1.865702622,-0.697433115
-3.779697267,1.865698012,-0.700187061
-3.779616824,1.865693403,-0.702941006
-3.779536381,1.865688793,-0.705694952
-3.779465993,1.86568476,-0.708104654
-3.77938555,1.86568015,-0.7108586
-3.779305107,1.86567554,-0.713612546
-3.779224664,1.865670931,-0.716366491
-3.779154276,1.865666897,-0.718776194
-3.779073833,1.865662288,-0.721530139
-3.778993389,1.865657678,-0.724284085
-3.778912946,1.865653069,-0.72703803
-3.778832503,1.865648459,-0.729791976
-3.778762115,1.865644426,-0.732201678
-3.778681672,1.865639816,-0.734955624
-3.778601229,1.865635206,-0.73770957
-3.778520786,1.865630597,-0.740463515
-3.778450398,1.865626563,-0.742873218
-3.778369955,1.865621954,-0.745627163
-3.778289511,1.865617344,-0.748381109
-3.778209068,1.865612735,-0.751135054
-3.77813868,1.865608701,-0.753544757
-3.778058237,1.865604092,-0.756298702
-3.777977794,1.865599482,-0.759052648
-3.777897351,1.865594872,-0.761806594
-3.777816908,1.865590263,-0.764560539
-3.77774652,1.865586229,-0.766970242
-3.777666077,1.86558162,-0.769724187
-3.777585633,1.86557701,-0.772478133
-3.77750519,1.865572401,-0.775232078
-3.777434802,1.865568367,-0.777641781
-3.777354359,1.865563758,-0.780395726
-3.777273916,1.865559148,-0.783149672
-3.777193473,1.865554538,-0.785903618
-3.777123085,1.865550505,-0.78831332
-3.777042642,1.865545895,-0.791067266
-3.776962199,1.865541286,-0.793821211
-3.776881755,1.865536676,-0.796575157
-3.776801312,1.865532067,-0.799329102
-3.776730924,1.865528033,-0.801738805
-3.776650481,1.865523424,-0.80449275
-3.776570038,1.865518814,-0.807246696
-3.776489595,1.865514204,-0.810000642
-3.776419207,1.865510171,-0.812410344
-3.776338764,1.865505561,-0.81516429
-3.776258321,1.865500952,-0.817918235
-3.776177877,1.865496342,-0.820672181
-3.77610749,1.865492309,-0.823081883
-3.776027046,1.865487699,-0.825835829
-3.775946603,1.86548309,-0.828589774
-3.77586616,1.86547848,-0.83134372
-3.775785717,1.86547387,-0.834097666
-3.775715329,1.865469837,-0.836507368
-3.775634886,1.865465227,-0.839261314
-3.775554443,1.865460618,-0.842015259
-3.775473999,1.865456008,-0.844769205
-3.775403612,1.865451975,-0.847178907
-3.775323168,1.865447365,-0.849932853
-3.775242725,1.865442756,-0.852686798
-3.775162282,1.865438146,-0.855440744
-3.775091894,1.865434113,-0.857850446
-3.775011451,1.865429503,-0.860604392
-3.774931008,1.865424893,-0.863358338
-3.774850565,1.865420284,-0.866112283
-3.774770121,1.865415674,-0.868866229
-3.774699734,1.865411641,-0.871275931
-3.77461929,1.865407031,-0.874029877
-3.774538847,1.865402422,-0.876783822
-3.774458404,1.865397812,-0.879537768
-3.774388016,1.865393779,-0.88194747
-3.774307573,1.865389169,-0.884701416
-3.77422713,1.865384559,-0.887455362
-3.774146687,1.86537995,-0.890209307
-3.774076299,1.865375916,-0.89261901
-3.773995856,1.865371307,-0.895372955
-3.773915412,1.865366697,-0.898126901
-3.773834969,1.865362088,-0.900880846
-3.773754526,1.865357478,-0.903634792
-3.773684138,1.865353445,-0.906044494
-3.773603695,1.865348835,-0.90879844
-3.773523252,1.865344225,-0.911552386
-3.773442809,1.865339616,-0.914306331
-3.773372421,1.865335582,-0.916716034
-3.773291978,1.865330973,-0.919469979
-3.773211534,1.865326363,-0.922223925
-3.773131091,1.865321754,-0.92497787
-3.773060703,1.86531772,-0.927387573
-3.77298026,1.865313111,-0.930141518
-3.772899817,1.865308501,-0.932895464
-3.772819374,1.865303891,-0.93564941
-3.772738931,1.865299282,-0.938403355
-3.772668543,1.865295248,-0.940813058
-3.7725881,1.865290639,-0.943567003
-3.772507656,1.865286029,-0.946320949
-3.772427213,1.86528142,-0.949074894
-3.772356825,1.865277386,-0.951484597
-3.772276382,1.865272777,-0.954238542
-3.772195939,1.865268167,-0.956992488
-3.772115496,1.865263557,-0.959746434
-3.772045108,1.865259524,-0.962156136
-3.771964665,1.865254914,-0.964910082
-3.771884222,1.865250305,-0.967664027
-3.771803778,1.865245695,-0.970417973
-3.771723335,1.865241086,-0.973171918
-3.771652947,1.865237052,-0.975581621
-3.771572504,1.865232443,-0.978335566
-3.771492061,1.865227833,-0.981089512
-3.771411618,1.865223223,-0.983843458
-3.77134123,1.86521919,-0.98625316
-3.771260787,1.86521458,-0.989007106
-3.771180344,1.865209971,-0.991761051
-3.7710999,1.865205361,-0.994514997
-3.771029513,1.865201328,-0.996924699
-3.770949069,1.865196718,-0.999678645
-3.770868626,1.865192109,-1.00243259
-3.770788183,1.865187499,-1.005186536
-3.77070774,1.865182889,-1.007940482
-3.770637352,1.865178856,-1.010350184
-3.770556909,1.865174246,-1.01310413
-3.770476466,1.865169637,-1.015858075
-3.770396022,1.865165027,-1.018612021
-3.770325635,1.865160994,-1.021021723
-3.770245191,1.865156384,-1.023775669
-3.770164748,1.865151775,-1.026529614
-3.770084305,1.865147165,-1.02928356
-3.770013917,1.865143132,-1.031693262
-3.769933474,1.865138522,-1.034447208
-3.769853031,1.865133912,-1.037201154
-3.769772588,1.865129303,-1.039955099
-3.769692144,1.865124693,-1.042709045
-3.769621757,1.86512066,-1.045118747
-3.769541313,1.86511605,-1.047872693
-3.76946087,1.865111441,-1.050626638
-3.769380427,1.865106831,-1.053380584
-3.769310039,1.865102798,-1.055790286
-3.769229596,1.865098188,-1.058544232
-3.769149153,1.865093578,-1.061298178
-3.76906871,1.865088969,-1.064052123
-3.768998322,1.865084935,-1.066461826
-3.768917879,1.865080326,-1.069215771
-3.768837435,1.865075716,-1.071969717
-3.768756992,1.865071107,-1.074723662
-3.768676549,1.865066497,-1.077477608
-3.768606161,1.865062464,-1.07988731
-3.768525718,1.865057854,-1.082641256
-3.768445275,1.865053244,-1.085395202
-3.768364832,1.865048635,-1.088149147
-3.768294444,1.865044601,-1.09055885
-3.768214001,1.865039992,-1.093312795
-3.768133557,1.865035382,-1.096066741
-3.768053114,1.865030773,-1.098820686
-3.767982726,1.865026739,-1.101230389
-3.767902283,1.86502213,-1.103984334
-3.76782184,1.86501752,-1.10673828
-3.767741397,1.86501291,-1.109492226
-3.767660954,1.865008301,-1.112246171
-3.767590566,1.865004267,-1.114655874
-3.767510123,1.864999658,-1.117409819
-3.767429679,1.864995048,-1.120163765
-3.767349236,1.864990439,-1.12291771
-3.767278848,1.864986405,-1.125327413
-3.767198405,1.864981796,-1.128081358
-3.767117962,1.864977186,-1.130835304
-3.767037519,1.864972576,-1.13358925
-3.766967131,1.864968543,-1.135998952
-3.766886688,1.864963933,-1.138752898
-3.766806245,1.864959324,-1.141506843
-3.766725801,1.864954714,-1.144260789
-3.766645358,1.864950105,-1.147014734
-3.76657497,1.864946071,-1.149424437
-3.766494527,1.864941462,-1.152178382
-3.766414084,1.864936852,-1.154932328
-3.766333641,1.864932242,-1.157686274
-3.766263253,1.864928209,-1.160095976
-3.76618281,1.864923599,-1.162849922
-3.766102367,1.86491899,-1.165603867
-3.766021923,1.86491438,-1.168357813
-3.765951536,1.864910347,-1.170767515
-3.765871092,1.864905737,-1.173521461
-3.765790649,1.864901128,-1.176275406
-3.765710206,1.864896518,-1.179029352
-3.765629763,1.864891908,-1.181783298
-3.765559375,1.864887875,-1.184193
-3.765478932,1.864883265,-1.186946946
-3.765398489,1.864878656,-1.189700891
-3.765318045,1.864874046,-1.192454837
-3.765247658,1.864870013,-1.194864539
-3.765167214,1.864865403,-1.197618485
-3.765086771,1.864860794,-1.20037243
-3.765006328,1.864856184,-1.203126376
-3.76493594,1.864852151,-1.205536078
-3.764855497,1.864847541,-1.208290024
-3.764775054,1.864842931,-1.21104397
-3.764694611,1.864838322,-1.213797915
-3.764614167,1.864833712,-1.216551861
-3.76454378,1.864829679,-1.218961563
-3.764463336,1.864825069,-1.221715509
-3.764382893,1.86482046,-1.224469454
-3.76430245,1.86481585,-1.2272234
-3.764232062,1.864811817,-1.229633102
-3.764151619,1.864807207,-1.232387048
-3.764071176,1.864802597,-1.235140994
-3.763990733,1.864797988,-1.237894939
-3.763920345,1.864793954,-1.240304642
-3.763839902,1.864789345,-1.243058587
-3.763759458,1.864784735,-1.245812533
-3.763679015,1.864780126,-1.248566478
-3.763598572,1.864775516,-1.251320424
-3.763528184,1.864771483,-1.253730126
-3.763447741,1.864766873,-1.256484072
-3.763367298,1.864762263,-1.259238018
-3.763286855,1.864757654,-1.261991963
-3.763216467,1.86475362,-1.264401666
-3.763136024,1.864749011,-1.267155611
-3.76305558,1.864744401,-1.269909557
-3.762975137,1.864739792,-1.272663502
-3.762904749,1.864735758,-1.275073205
-3.762824306,1.864731149,-1.27782715
-3.762743863,1.864726539,-1.280581096
-3.76266342,1.864721929,-1.283335042
-3.762582977,1.86471732,-1.286088987
-3.762512589,1.864713286,-1.28849869
-3.762432146,1.864708677,-1.291252635
-3.762351702,1.864704067,-1.294006581
-3.762271259,1.864699458,-1.296760526
-3.762200871,1.864695424,-1.299170229
-3.762120428,1.864690815,-1.301924174
-3.762039985,1.864686205,-1.30467812
-3.761959542,1.864681595,-1.307432066
-3.761889154,1.864677562,-1.309841768
-3.761808711,1.864672952,-1.312595714
-3.761728268,1.864668343,-1.315349659
-3.761647824,1.864663733,-1.318103605
-3.761567381,1.864659124,-1.32085755
-3.761496993,1.86465509,-1.323267253
-3.76141655,1.864650481,-1.326021198
-3.761336107,1.864645871,-1.328775144
-3.761255664,1.864641261,-1.33152909
-3.761185276,1.864637228,-1.333938792
-3.761104833,1.864632618,-1.336692738
-3.76102439,1.864628009,-1.339446683
-3.760943946,1.864623399,-1.342200629
-3.760873559,1.864619366,-1.344610331
-3.760793115,1.864614756,-1.347364277
-3.760712672,1.864610147,-1.350118222
-3.760632229,1.864605537,-1.352872168
-3.760551786,1.864600927,-1.355626114
-3.760481398,1.864596894,-1.358035816
-3.760400955,1.864592284,-1.360789762
-3.760320512,1.864587675,-1.363543707
-3.760240068,1.864583065,-1.366297653
-3.760169681,1.864579032,-1.368707355
-3.760089237,1.864574422,-1.371461301
-3.760008794,1.864569813,-1.374215246
-3.759928351,1.864565203,-1.376969192
-3.759857963,1.86456117,-1.379378894
-3.75977752,1.86455656,-1.38213284
-3.759697077,1.86455195,-1.384886786
-3.759616634,1.864547341,-1.387640731
-3.75953619,1.864542731,-1.390394677
-3.759465803,1.864538698,-1.392804379
-3.759385359,1.864534088,-1.395558325
-3.759304916,1.864529479,-1.39831227
-3.759224473,1.864524869,-1.401066216
-3.759154085,1.864520836,-1.403475918
-3.759073642,1.864516226,-1.406229864
-3.758993199,1.864511616,-1.40898381
-3.758912756,1.864507007,-1.411737755
-3.758842368,1.864502973,-1.414147458
-3.758761925,1.864498364,-1.416901403
-3.758681481,1.864493754,-1.419655349
-3.758601038,1.864489145,-1.422409294
-3.758520595,1.864484535,-1.42516324
-3.758450207,1.864480502,-1.427572942
-3.758369764,1.864475892,-1.430326888
-3.758289321,1.864471282,-1.433080834
-3.758208878,1.864466673,-1.435834779
-3.75813849,1.864462639,-1.438244482
-3.758058047,1.86445803,-1.440998427
-3.757977603,1.86445342,-1.443752373
-3.75789716,1.864448811,-1.446506318
-3.757826772,1.864444777,-1.448916021
-3.757746329,1.864440168,-1.451669966
-3.757665886,1.864435558,-1.454423912
-3.757585443,1.864430948,-1.457177858
-3.757505,1.864426339,-1.459931803
-3.757434612,1.864422305,-1.462341506
-3.757354169,1.864417696,-1.465095451
-3.757273725,1.864413086,-1.467849397
-3.757193282,1.864408477,-1.470603342
-3.757122894,1.864404443,-1.473013045
-3.757042451,1.864399834,-1.47576699
-3.756962008,1.864395224,-1.478520936
-3.756881565,1.864390614,-1.481274882
-3.756811177,1.864386581,-1.483684584
-3.756730734,1.864381971,-1.48643853
-3.756650291,1.864377362,-1.489192475
-3.756569847,1.864372752,-1.491946421
-3.756489404,1.864368143,-1.494700366
-3.756419016,1.864364109,-1.497110069
-3.756338573,1.8643595,-1.499864014
-3.75625813,1.86435489,-1.50261796
-3.756177687,1.86435028,-1.505371906
-3.756107299,1.864346247,-1.507781608
-3.756026856,1.864341637,-1.510535554
-3.755946413,1.864337028,-1.513289499
-3.755865969,1.864332418,-1.516043445
-3.755795582,1.864328385,-1.518453147
-3.755715138,1.864323775,-1.521207093
-3.755634695,1.864319166,-1.523961038
-3.755554252,1.864314556,-1.526714984
-3.755473809,1.864309946,-1.52946893
-3.755403421,1.864305913,-1.531878632
-3.755322978,1.864301303,-1.534632578
-3.755242535,1.864296694,-1.537386523
-3.755162091,1.864292084,-1.540140469
-3.755091704,1.864288051,-1.542550171
-3.75501126,1.864283441,-1.545304117
-3.754930817,1.864278832,-1.548058062
-3.754850374,1.864274222,-1.550812008
-3.754779986,1.864270189,-1.55322171
-3.754699543,1.864265579,-1.555975656
-3.7546191,1.864260969,-1.558729602
-3.754538657,1.86425636,-1.561483547
-3.754458213,1.86425175,-1.564237493
-3.754387826,1.864247717,-1.566647195
-3.754307382,1.864243107,-1.569401141
-3.754226939,1.864238498,-1.572155086
-3.754146496,1.864233888,-1.574909032
-3.754076108,1.864229855,-1.577318734
-3.753995665,1.864225245,-1.58007268
-3.753915222,1.864220635,-1.582826626
-3.753834779,1.864216026,-1.585580571
-3.753764391,1.864211992,-1.587990274
-3.753683948,1.864207383,-1.590744219
-3.753603504,1.864202773,-1.593498165
-3.753523061,1.864198164,-1.59625211
-3.753442618,1.864193554,-1.599006056
-3.75337223,1.864189521,-1.601415758
-3.753291787,1.864184911,-1.604169704
-3.753211344,1.864180301,-1.60692365
-3.753130901,1.864175692,-1.609677595
-3.753060513,1.864171658,-1.612087298
-3.75298007,1.864167049,-1.614841243
-3.752899626,1.864162439,-1.617595189
-3.752819183,1.86415783,-1.620349134
-3.752748795,1.864153796,-1.622758837
-3.752668352,1.864149187,-1.625512782
-3.752587909,1.864144577,-1.628266728
-3.752507466,1.864139967,-1.631020674
-3.752427023,1.864135358,-1.633774619
-3.752356635,1.864131324,-1.636184322
-3.752276192,1.864126715,-1.638938267
-3.752195748,1.864122105,-1.641692213
-3.752115305,1.864117496,-1.644446158
-3.752044917,1.864113462,-1.646855861
-3.751964474,1.864108853,-1.649609806
-3.751884031,1.864104243,-1.652363752
-3.751803588,1.864099633,-1.655117698
-3.7517332,1.8640956,-1.6575274
-3.751652757,1.86409099,-1.660281346
-3.751572314,1.864086381,-1.663035291
-3.75149187,1.864081771,-1.665789237
-3.751411427,1.864077162,-1.668543182
-3.751341039,1.864073128,-1.670952885
-3.751260596,1.864068519,-1.67370683
-3.751180153,1.864063909,-1.676460776
-3.75109971,1.864059299,-1.679214722
-3.751029322,1.864055266,-1.681624424
-3.750948879,1.864050656,-1.68437837
-3.750868436,1.864046047,-1.687132315
-3.750787992,1.864041437,-1.689886261
-3.750717605,1.864037404,-1.692295963
-3.750637161,1.864032794,-1.695049909
-3.750556718,1.864028185,-1.697803854
-3.750476275,1.864023575,-1.7005578
-3.750395832,1.864018965,-1.703311746
-3.750325444,1.864014932,-1.705721448
-3.750245001,1.864010322,-1.708475394
-3.750164558,1.864005713,-1.711229339
-3.750084114,1.864001103,-1.713983285
-3.750013727,1.86399707,-1.716392987
-3.749933283,1.86399246,-1.719146933
-3.74985284,1.863987851,-1.721900878
-3.749772397,1.863983241,-1.724654824
-3.749702009,1.863979208,-1.727064526
-3.749621566,1.863974598,-1.729818472
-3.749541123,1.863969988,-1.732572418
-3.74946068,1.863965379,-1.735326363
-3.749380236,1.863960769,-1.738080309
-3.749309849,1.863956736,-1.740490011
-3.749229405,1.863952126,-1.743243957
-3.749148962,1.863947517,-1.745997902
-3.749068519,1.863942907,-1.748751848
-3.748998131,1.863938874,-1.75116155
-3.748917688,1.863934264,-1.753915496
-3.748837245,1.863929654,-1.756669442
-3.748756802,1.863925045,-1.759423387
-3.748686414,1.863921011,-1.76183309
-3.748605971,1.863916402,-1.764587035
-3.748525527,1.863911792,-1.767340981
-3.748445084,1.863907183,-1.770094926
-3.748364641,1.863902573,-1.772848872
-3.748294253,1.86389854,-1.775258574
-3.74821381,1.86389393,-1.77801252
-3.748133367,1.86388932,-1.780766466
-3.748052924,1.863884711,-1.783520411
-3.747982536,1.863880677,-1.785930114
-3.747902093,1.863876068,-1.788684059
-3.747821649,1.863871458,-1.791438005
-3.747741206,1.863866849,-1.79419195
-3.747670818,1.863862815,-1.796601653
-3.747590375,1.863858206,-1.799355598
-3.747509932,1.863853596,-1.802109544
-3.747429489,1.863848986,-1.80486349
-3.747349046,1.863844377,-1.807617435
-3.747278658,1.863840343,-1.810027138
-3.747198215,1.863835734,-1.812781083
-3.747117771,1.863831124,-1.815535029
-3.747037328,1.863826515,-1.818288974
-3.74696694,1.863822481,-1.820698677
-3.746886497,1.863817872,-1.823452622
-3.746806054,1.863813262,-1.826206568
-3.746725611,1.863808652,-1.828960514
-3.746655223,1.863804619,-1.831370216
-3.74657478,1.863800009,-1.834124162
-3.746494337,1.8637954,-1.836878107
-3.746413893,1.86379079,-1.839632053
-3.74633345,1.863786181,-1.842385998
-3.746263062,1.863782147,-1.844795701
-3.746182619,1.863777538,-1.847549646
-3.746102176,1.863772928,-1.850303592
-3.746021733,1.863768318,-1.853057538
-3.745951345,1.863764285,-1.85546724
-3.745870902,1.863759675,-1.858221186
-3.745790459,1.863755066,-1.860975131
-3.745710015,1.863750456,-1.863729077
-3.745639628,1.863746423,-1.866138779
-3.745559184,1.863741813,-1.868892725
-3.745478741,1.863737204,-1.87164667
-3.745398298,1.863732594,-1.874400616
-3.745317855,1.863727984,-1.877154562
-3.745247467,1.863723951,-1.879564264
-3.745167024,1.863719341,-1.88231821
-3.745086581,1.863714732,-1.885072155
-3.745006137,1.863710122,-1.887826101
-3.74493575,1.863706089,-1.890235803
-3.744855306,1.863701479,-1.892989749
-3.744774863,1.86369687,-1.895743694
-3.74469442,1.86369226,-1.89849764
-3.744624032,1.863688227,-1.900907342
-3.744543589,1.863683617,-1.903661288
-3.744463146,1.863679007,-1.906415234
-3.744382703,1.863674398,-1.909169179
-3.744302259,1.863669788,-1.911923125
-3.744231872,1.863665755,-1.914332827
-3.744151428,1.863661145,-1.917086773
-3.744070985,1.863656536,-1.919840718
-3.743990542,1.863651926,-1.922594664
-3.743920154,1.863647893,-1.925004366
-3.743839711,1.863643283,-1.927758312
-3.743759268,1.863638673,-1.930512258
-3.743678825,1.863634064,-1.933266203
-3.743608437,1.86363003,-1.935675906
-3.743527994,1.863625421,-1.938429851
-3.74344755,1.863620811,-1.941183797
-3.743367107,1.863616202,-1.943937742
-3.743286664,1.863611592,-1.946691688
-3.743216276,1.863607559,-1.94910139
-3.743135833,1.863602949,-1.951855336
-3.74305539,1.863598339,-1.954609282
-3.742974947,1.86359373,-1.957363227
-3.742904559,1.863589696,-1.95977293
-3.742824116,1.863585087,-1.962526875
-3.742743672,1.863580477,-1.965280821
-3.742663229,1.863575868,-1.968034766
-3.742592841,1.863571834,-1.970444469
-3.742512398,1.863567225,-1.973198414
-3.742431955,1.863562615,-1.97595236
-3.742351512,1.863558005,-1.978706306
-3.742271069,1.863553396,-1.981460251
-3.742200681,1.863549362,-1.983869954
-3.742120238,1.863544753,-1.986623899
-3.742039794,1.863540143,-1.989377845
-3.741959351,1.863535534,-1.99213179
-3.741888963,1.8635315,-1.994541493
-3.74180852,1.863526891,-1.997295438
-3.741728077,1.863522281,-2.000049384
-3.741647634,1.863517671,-2.00280333
-3.741577246,1.863513638,-2.005213032
-3.741496803,1.863509028,-2.007966978
-3.74141636,1.863504419,-2.010720923
-3.741335916,1.863499809,-2.013474869
-3.741255473,1.8634952,-2.016228814
-3.741185085,1.863491166,-2.018638517
-3.741104642,1.863486557,-2.021392462
-3.741024199,1.863481947,-2.024146408
-3.740943756,1.863477337,-2.026900354
-3.740873368,1.863473304,-2.029310056
-3.740792925,1.863468694,-2.032064002
-3.740712482,1.863464085,-2.034817947
-3.740632038,1.863459475,-2.037571893
-3.740561651,1.863455442,-2.039981595
-3.740481207,1.863450832,-2.042735541
-3.740400764,1.863446223,-2.045489486
-3.740320321,1.863441613,-2.048243432
-3.740239878,1.863437003,-2.050997378
-3.74016949,1.86343297,-2.05340708
-3.740089047,1.86342836,-2.056161026
-3.740008604,1.863423751,-2.058914971
-3.73992816,1.863419141,-2.061668917
-3.739857773,1.863415108,-2.064078619
-3.739777329,1.863410498,-2.066832565
-3.739696886,1.863405889,-2.06958651
-3.739616443,1.863401279,-2.072340456
-3.739546055,1.863397246,-2.074750158
-3.739465612,1.863392636,-2.077504104
-3.739385169,1.863388026,-2.08025805
-3.739304726,1.863383417,-2.083011995
-3.739224282,1.863378807,-2.085765941
-3.739153895,1.863374774,-2.088175643
-3.739073451,1.863370164,-2.090929589
-3.738993008,1.863365555,-2.093683534
-3.738912565,1.863360945,-2.09643748
-3.738842177,1.863356912,-2.098847182
-3.738761734,1.863352302,-2.101601128
-3.738681291,1.863347692,-2.104355074
-3.738600848,1.863343083,-2.107109019
-3.73853046,1.863339049,-2.109518722
-3.738450017,1.86333444,-2.112272667
-3.738369573,1.86332983,-2.115026613
-3.73828913,1.863325221,-2.117780558
-3.738208687,1.863320611,-2.120534504
-3.738138299,1.863316578,-2.122944206
-3.738057856,1.863311968,-2.125698152
-3.737977413,1.863307358,-2.128452098
-3.73789697,1.863302749,-2.131206043
-3.737826582,1.863298715,-2.133615746
-3.737746139,1.863294106,-2.136369691
-3.737665695,1.863289496,-2.139123637
-3.737585252,1.863284887,-2.141877582
-3.737514864,1.863280853,-2.144287285
-3.737434421,1.863276244,-2.14704123
-3.737353978,1.863271634,-2.149795176
-3.737273535,1.863267024,-2.152549122
-3.737193092,1.863262415,-2.155303067
-3.737122704,1.863258381,-2.15771277
-3.737042261,1.863253772,-2.160466715
-3.736961817,1.863249162,-2.163220661
-3.736881374,1.863244553,-2.165974606
-3.736810986,1.863240519,-2.168384309
-3.736730543,1.86323591,-2.171138254
-3.7366501,1.8632313,-2.1738922
-3.736569657,1.86322669,-2.176646146
-3.736499269,1.863222657,-2.179055848
-3.736418826,1.863218047,-2.181809794
-3.736338383,1.863213438,-2.184563739
-3.736257939,1.863208828,-2.187317685
-3.736177496,1.863204219,-2.19007163
-3.736107108,1.863200185,-2.192481333
-3.736026665,1.863195576,-2.195235278
-3.735946222,1.863190966,-2.197989224
-3.735865779,1.863186356,-2.20074317
-3.735795391,1.863182323,-2.203152872
-3.735714948,1.863177713,-2.205906818
-3.735634505,1.863173104,-2.208660763
-3.735554061,1.863168494,-2.211414709
-3.735483674,1.863164461,-2.213824411
-3.73540323,1.863159851,-2.216578357
-3.735322787,1.863155242,-2.219332302
-3.735242344,1.863150632,-2.222086248
-3.735161901,1.863146022,-2.224840194
-3.735091513,1.863141989,-2.227249896
-3.73501107,1.863137379,-2.230003842
-3.734930627,1.86313277,-2.232757787
-3.734850183,1.86312816,-2.235511733
-3.734779796,1.863124127,-2.237921435
-3.734699352,1.863119517,-2.240675381
-3.734618909,1.863114908,-2.243429326
-3.734538466,1.863110298,-2.246183272
-3.734468078,1.863106265,-2.248592974
-3.734387635,1.863101655,-2.25134692
-3.734307192,1.863097045,-2.254100866
-3.734226749,1.863092436,-2.256854811
-3.734146305,1.863087826,-2.259608757
-3.734075918,1.863083793,-2.262018459
-3.733995474,1.863079183,-2.264772405
-3.733915031,1.863074574,-2.26752635
-3.733834588,1.863069964,-2.270280296
-3.7337642,1.863065931,-2.272689998
-3.733683757,1.863061321,-2.275443944
-3.733603314,1.863056711,-2.27819789
-3.733522871,1.863052102,-2.280951835
-3.733442427,1.863047492,-2.283705781
-3.73337204,1.863043459,-2.286115483
-3.733291596,1.863038849,-2.288869429
-3.733211153,1.86303424,-2.291623374
-3.73313071,1.86302963,-2.29437732
-3.733060322,1.863025597,-2.296787022
-3.732979879,1.863020987,-2.299540968
-3.732899436,1.863016377,-2.302294914
-3.732818993,1.863011768,-2.305048859
-3.732748605,1.863007734,-2.307458562
-3.732668162,1.863003125,-2.310212507
-3.732587718,1.862998515,-2.312966453
-3.732507275,1.862993906,-2.315720398
-3.732426832,1.862989296,-2.318474344
-3.732356444,1.862985263,-2.320884046
-3.732276001,1.862980653,-2.323637992
-3.732195558,1.862976043,-2.326391938
-3.732115115,1.862971434,-2.329145883
-3.732044727,1.8629674,-2.331555586
-3.731964284,1.862962791,-2.334309531
-3.73188384,1.862958181,-2.337063477
-3.731803397,1.862953572,-2.339817422
-3.731733009,1.862949538,-2.342227125
-3.731652566,1.862944929,-2.34498107
-3.731572123,1.862940319,-2.347735016
-3.73149168,1.862935709,-2.350488962
-3.731411237,1.8629311,-2.353242907
-3.731340849,1.862927066,-2.35565261
-3.731260406,1.862922457,-2.358406555
-3.731179962,1.862917847,-2.361160501
-3.731099519,1.862913238,-2.363914446
-3.731029131,1.862909204,-2.366324149
-3.730948688,1.862904595,-2.369078094
-3.730868245,1.862899985,-2.37183204
-3.730787802,1.862895375,-2.374585986
-3.730717414,1.862891342,-2.376995688
-3.730636971,1.862886732,-2.379749634
-3.730556528,1.862882123,-2.382503579
-3.730476084,1.862877513,-2.385257525
-3.730395641,1.862872904,-2.38801147
-3.730325253,1.86286887,-2.390421173
-3.73024481,1.862864261,-2.393175118
-3.730164367,1.862859651,-2.395929064
-3.730083924,1.862855041,-2.39868301
-3.730013536,1.862851008,-2.401092712
-3.729933093,1.862846398,-2.403846658
-3.72985265,1.862841789,-2.406600603
-3.729772206,1.862837179,-2.409354549
-3.729701819,1.862833146,-2.411764251
-3.729621375,1.862828536,-2.414518197
-3.729540932,1.862823927,-2.417272142
-3.729460489,1.862819317,-2.420026088
-3.729380046,1.862814707,-2.422780034
-3.729309658,1.862810674,-2.425189736
-3.729229215,1.862806064,-2.427943682
-3.729148772,1.862801455,-2.430697627
-3.729068328,1.862796845,-2.433451573
-3.728997941,1.862792812,-2.435861275
-3.728917497,1.862788202,-2.438615221
-3.728837054,1.862783593,-2.441369166
-3.728756611,1.862778983,-2.444123112
-3.728686223,1.86277495,-2.446532814
-3.72860578,1.86277034,-2.44928676
-3.728525337,1.86276573,-2.452040706
-3.728444894,1.862761121,-2.454794651
-3.72836445,1.862756511,-2.457548597
-3.728294063,1.862752478,-2.459958299
-3.728213619,1.862747868,-2.462712245
-3.728133176,1.862743259,-2.46546619
-3.728052733,1.862738649,-2.468220136
-3.727982345,1.862734616,-2.470629838
-3.727901902,1.862730006,-2.473383784
-3.727821459,1.862725396,-2.47613773
-3.727741016,1.862720787,-2.478891675
-3.727670628,1.862716753,-2.481301378
-3.727590185,1.862712144,-2.484055323
-3.727509741,1.862707534,-2.486809269
-3.727429298,1.862702925,-2.489563214
-3.727348855,1.862698315,-2.49231716
-3.727278467,1.862694282,-2.494726862
-3.727198024,1.862689672,-2.497480808
-3.727117581,1.862685062,-2.500234754
-3.727037138,1.862680453,-2.502988699
-3.72696675,1.862676419,-2.505398402
-3.726886307,1.86267181,-2.508152347
-3.726805863,1.8626672,-2.510906293
-3.72672542,1.862662591,-2.513660238
-3.726655032,1.862658557,-2.516069941
-3.726574589,1.862653948,-2.518823886
-3.726494146,1.862649338,-2.521577832
-3.726413703,1.862644728,-2.524331778
-3.72633326,1.862640119,-2.527085723
-3.726262872,1.862636085,-2.529495426
-3.726182429,1.862631476,-2.532249371
-3.726101985,1.862626866,-2.535003317
-3.726021542,1.862622257,-2.537757262
-3.725951154,1.862618223,-2.540166965
-3.725870711,1.862613614,-2.54292091
-3.725790268,1.862609004,-2.545674856
-3.725709825,1.862604394,-2.548428802
-3.725639437,1.862600361,-2.550838504
-3.725558994,1.862595751,-2.55359245
-3.725478551,1.862591142,-2.556346395
-3.725398107,1.862586532,-2.559100341
-3.725317664,1.862581923,-2.561854286
-3.725247276,1.862577889,-2.564263989
-3.725166833,1.86257328,-2.567017934
-3.72508639,1.86256867,-2.56977188
-3.725005947,1.86256406,-2.572525826
-3.724935559,1.862560027,-2.574935528
-3.724855116,1.862555417,-2.577689474
-3.724774673,1.862550808,-2.580443419
-3.724694229,1.862546198,-2.583197365
-3.724623842,1.862542165,-2.585607067
-3.724543398,1.862537555,-2.588361013
-3.724462955,1.862532946,-2.591114958
